INSERT INTO `bla_alarm_category` (`alarm_category_id_`, `name_`, `description_`) VALUES ('3', 'over-current', '过流告警');
INSERT INTO `bla_alarm_category` (`alarm_category_id_`, `name_`, `description_`) VALUES ('4', 'under-current', '欠流告警');
INSERT INTO `bla_alarm_category` (`alarm_category_id_`, `name_`, `description_`) VALUES ('5', 'over-voltage', '过压告警');
INSERT INTO `bla_alarm_category` (`alarm_category_id_`, `name_`, `description_`) VALUES ('6', 'under-voltage', '欠压告警');
INSERT INTO `bla_alarm_category` (`alarm_category_id_`, `name_`, `description_`) VALUES ('8', '', '告警类型');
INSERT INTO `bla_alarm_category` (`alarm_category_id_`, `name_`, `description_`) VALUES ('1', 'offLine', '离线告警');
INSERT INTO `bla_alarm_category` (`alarm_category_id_`, `name_`, `description_`) VALUES ('2', 'alertorAlarm', '一键报警');
INSERT INTO `bla_alarm_category` (`alarm_category_id_`, `name_`, `description_`) VALUES ('7', '', '阈值告警');


INSERT INTO `sm_device_type` (`device_type_id_`, `type_`, `type_name_`, `description_`, `msg_defined_`, `is_default_`, `acronym_`, `sub_type_`) VALUES ('1', '0', '网关', null, 'GW', '0', null, null);
INSERT INTO `sm_device_type` (`device_type_id_`, `type_`, `type_name_`, `description_`, `msg_defined_`, `is_default_`, `acronym_`, `sub_type_`) VALUES ('24', '2', '单灯控制器', null, '2A', '0', null, null);
INSERT INTO `sm_device_type` (`device_type_id_`, `type_`, `type_name_`, `description_`, `msg_defined_`, `is_default_`, `acronym_`, `sub_type_`) VALUES ('25', '2', '双灯控制器', null, '2B', '0', null, null);
INSERT INTO `sm_device_type` (`device_type_id_`, `type_`, `type_name_`, `description_`, `msg_defined_`, `is_default_`, `acronym_`, `sub_type_`) VALUES ('26', '2', 'LED屏', null, 'LD', '0', null, null);
INSERT INTO `sm_device_type` (`device_type_id_`, `type_`, `type_name_`, `description_`, `msg_defined_`, `is_default_`, `acronym_`, `sub_type_`) VALUES ('27', '2', '广播', null, 'BC', '0', null, null);
INSERT INTO `sm_device_type` (`device_type_id_`, `type_`, `type_name_`, `description_`, `msg_defined_`, `is_default_`, `acronym_`, `sub_type_`) VALUES ('28', '2', '摄像头', null, 'CA', '0', null, null);
INSERT INTO `sm_device_type` (`device_type_id_`, `type_`, `type_name_`, `description_`, `msg_defined_`, `is_default_`, `acronym_`, `sub_type_`) VALUES ('29', '2', '环境检测', null, 'EV', '0', null, null);
INSERT INTO `sm_device_type` (`device_type_id_`, `type_`, `type_name_`, `description_`, `msg_defined_`, `is_default_`, `acronym_`, `sub_type_`) VALUES ('30', '2', '一键报警', null, 'AD', '0', null, null);
INSERT INTO `sm_device_type` (`device_type_id_`, `type_`, `type_name_`, `description_`, `msg_defined_`, `is_default_`, `acronym_`, `sub_type_`) VALUES ('31', '2', '充电桩', null, 'CP', '0', null, null);
INSERT INTO `sm_device_type` (`device_type_id_`, `type_`, `type_name_`, `description_`, `msg_defined_`, `is_default_`, `acronym_`, `sub_type_`) VALUES ('32', '2', 'WIFI', null, 'WF', '0', null, null);
INSERT INTO `sm_dictionary` (`dict_id_`, `category_`, `description_`, `code_`, `sort_`, `value_`) VALUES ('117', 'sm_log_operation.status', '失败', '0', '2', null);
INSERT INTO `sm_dictionary` (`dict_id_`, `category_`, `description_`, `code_`, `sort_`, `value_`) VALUES ('118', 'sm_log_operation.status', '成功', '1', '1', null);
INSERT INTO `sm_dictionary` (`dict_id_`, `category_`, `description_`, `code_`, `sort_`, `value_`) VALUES ('200', 'device_alarm', '过流', 'over-current', '1', null);
INSERT INTO `sm_dictionary` (`dict_id_`, `category_`, `description_`, `code_`, `sort_`, `value_`) VALUES ('201', 'device_alarm', '欠流', 'under-current', '1', null);
INSERT INTO `sm_dictionary` (`dict_id_`, `category_`, `description_`, `code_`, `sort_`, `value_`) VALUES ('202', 'device_alarm', '过压', 'over-voltage', '1', null);
INSERT INTO `sm_dictionary` (`dict_id_`, `category_`, `description_`, `code_`, `sort_`, `value_`) VALUES ('203', 'device_alarm', '欠压', 'under-voltage', '1', null);
INSERT INTO `sm_dictionary` (`dict_id_`, `category_`, `description_`, `code_`, `sort_`, `value_`) VALUES ('1009', 'sm_log_operation.module.sm', '登录', '-1009', '13', null);
INSERT INTO `sm_dictionary` (`dict_id_`, `category_`, `description_`, `code_`, `sort_`, `value_`) VALUES ('1010', 'sm_log_operation.module.sm', '注销', '-1010', '14', null);
INSERT INTO `sm_dictionary` (`dict_id_`, `category_`, `description_`, `code_`, `sort_`, `value_`) VALUES ('1011', 'sm_log_operation.module.sm', '个人信息修改', '-1011', '15', null);
INSERT INTO `sm_dictionary` (`dict_id_`, `category_`, `description_`, `code_`, `sort_`, `value_`) VALUES ('1012', 'sm_log_operation.module.sm', '密码修改', '-1012', '16', null);
INSERT INTO `sm_i18n` (`id_`, `language_id_`, `name_`, `object_id_`, `type_`) VALUES ('1', '1', '系统管理', '1', '1');
INSERT INTO `sm_i18n` (`id_`, `language_id_`, `name_`, `object_id_`, `type_`) VALUES ('2', '2', 'System Management', '1', '1');
INSERT INTO `sm_i18n` (`id_`, `language_id_`, `name_`, `object_id_`, `type_`) VALUES ('3', '1', '地图', '2', '1');
INSERT INTO `sm_i18n` (`id_`, `language_id_`, `name_`, `object_id_`, `type_`) VALUES ('4', '2', 'Map', '2', '1');
INSERT INTO `sm_i18n` (`id_`, `language_id_`, `name_`, `object_id_`, `type_`) VALUES ('5', '1', '设备', '3', '1');
INSERT INTO `sm_i18n` (`id_`, `language_id_`, `name_`, `object_id_`, `type_`) VALUES ('6', '2', 'Device', '3', '1');
INSERT INTO `sm_i18n` (`id_`, `language_id_`, `name_`, `object_id_`, `type_`) VALUES ('7', '1', '告警', '4', '1');
INSERT INTO `sm_i18n` (`id_`, `language_id_`, `name_`, `object_id_`, `type_`) VALUES ('8', '2', 'Alarm', '4', '1');
INSERT INTO `sm_i18n` (`id_`, `language_id_`, `name_`, `object_id_`, `type_`) VALUES ('9', '1', '计划', '5', '1');
INSERT INTO `sm_i18n` (`id_`, `language_id_`, `name_`, `object_id_`, `type_`) VALUES ('10', '2', 'Plan', '5', '1');
INSERT INTO `sm_i18n` (`id_`, `language_id_`, `name_`, `object_id_`, `type_`) VALUES ('11', '1', 'IOTDM', '10', '1');
INSERT INTO `sm_i18n` (`id_`, `language_id_`, `name_`, `object_id_`, `type_`) VALUES ('12', '2', 'IOTDM', '10', '1');
INSERT INTO `sm_i18n` (`id_`, `language_id_`, `name_`, `object_id_`, `type_`) VALUES ('13', '1', '系统日志', '20', '1');
INSERT INTO `sm_i18n` (`id_`, `language_id_`, `name_`, `object_id_`, `type_`) VALUES ('14', '2', 'System Log', '20', '1');
INSERT INTO `sm_i18n` (`id_`, `language_id_`, `name_`, `object_id_`, `type_`) VALUES ('15', '1', '城市信息', '30', '1');
INSERT INTO `sm_i18n` (`id_`, `language_id_`, `name_`, `object_id_`, `type_`) VALUES ('16', '2', 'City Information', '30', '1');
INSERT INTO `sm_i18n` (`id_`, `language_id_`, `name_`, `object_id_`, `type_`) VALUES ('17', '1', '用户管理', '40', '1');
INSERT INTO `sm_i18n` (`id_`, `language_id_`, `name_`, `object_id_`, `type_`) VALUES ('18', '2', 'User Management', '40', '1');
INSERT INTO `sm_i18n` (`id_`, `language_id_`, `name_`, `object_id_`, `type_`) VALUES ('19', '1', '角色管理', '50', '1');
INSERT INTO `sm_i18n` (`id_`, `language_id_`, `name_`, `object_id_`, `type_`) VALUES ('20', '2', 'Role Management', '50', '1');
INSERT INTO `sm_i18n` (`id_`, `language_id_`, `name_`, `object_id_`, `type_`) VALUES ('21', '1', '客户管理', '55', '1');
INSERT INTO `sm_i18n` (`id_`, `language_id_`, `name_`, `object_id_`, `type_`) VALUES ('22', '2', 'Customer Management', '55', '1');
INSERT INTO `sm_i18n` (`id_`, `language_id_`, `name_`, `object_id_`, `type_`) VALUES ('23', '1', '系统配置', '60', '1');
INSERT INTO `sm_i18n` (`id_`, `language_id_`, `name_`, `object_id_`, `type_`) VALUES ('24', '2', 'System Config', '60', '1');
INSERT INTO `sm_i18n` (`id_`, `language_id_`, `name_`, `object_id_`, `type_`) VALUES ('25', '1', 'LED文件管理', '23', '1');
INSERT INTO `sm_i18n` (`id_`, `language_id_`, `name_`, `object_id_`, `type_`) VALUES ('26', '2', 'Led File Management', '23', '1');
/*INSERT INTO `sm_i18n` (`id_`, `language_id_`, `name_`, `object_id_`, `type_`) VALUES ('27', '1', '广播文件管理', '25', '1');*/
INSERT INTO `sm_i18n` (`id_`, `language_id_`, `name_`, `object_id_`, `type_`) VALUES ('28', '2', 'BroadCast File Management', '25', '1');
INSERT INTO `sm_i18n` (`id_`, `language_id_`, `name_`, `object_id_`, `type_`) VALUES ('29', '1', '灯杆管理', '27', '1');
INSERT INTO `sm_i18n` (`id_`, `language_id_`, `name_`, `object_id_`, `type_`) VALUES ('30', '2', 'LampPost Management', '27', '1');
INSERT INTO `sm_i18n` (`id_`, `language_id_`, `name_`, `object_id_`, `type_`) VALUES ('31', '1', '分组', '6', '1');
INSERT INTO `sm_i18n` (`id_`, `language_id_`, `name_`, `object_id_`, `type_`) VALUES ('32', '2', 'Group', '6', '1');
INSERT INTO `sm_i18n` (`id_`, `language_id_`, `name_`, `object_id_`, `type_`) VALUES ('33', '1', '摄像头管理', '7', '1');
INSERT INTO `sm_i18n` (`id_`, `language_id_`, `name_`, `object_id_`, `type_`) VALUES ('34', '2', 'Camera', '7', '1');
INSERT INTO `sm_i18n` (`id_`, `language_id_`, `name_`, `object_id_`, `type_`) VALUES ('35', '1', '视频服务器配置', '8', '1');
INSERT INTO `sm_i18n` (`id_`, `language_id_`, `name_`, `object_id_`, `type_`) VALUES ('36', '2', 'ViewSetting', '8', '1');
INSERT INTO `sm_i18n` (`id_`, `language_id_`, `name_`, `object_id_`, `type_`) VALUES ('37', '1', '登录', '1009', '2');
INSERT INTO `sm_i18n` (`id_`, `language_id_`, `name_`, `object_id_`, `type_`) VALUES ('38', '2', 'Login', '1009', '2');
INSERT INTO `sm_i18n` (`id_`, `language_id_`, `name_`, `object_id_`, `type_`) VALUES ('39', '1', '注销', '1010', '2');
INSERT INTO `sm_i18n` (`id_`, `language_id_`, `name_`, `object_id_`, `type_`) VALUES ('40', '2', 'Logout', '1010', '2');
INSERT INTO `sm_i18n` (`id_`, `language_id_`, `name_`, `object_id_`, `type_`) VALUES ('41', '1', '个人信息修改', '1011', '2');
INSERT INTO `sm_i18n` (`id_`, `language_id_`, `name_`, `object_id_`, `type_`) VALUES ('42', '2', 'Modify user information', '1011', '2');
INSERT INTO `sm_i18n` (`id_`, `language_id_`, `name_`, `object_id_`, `type_`) VALUES ('43', '1', '密码修改', '1012', '2');
INSERT INTO `sm_i18n` (`id_`, `language_id_`, `name_`, `object_id_`, `type_`) VALUES ('44', '2', 'Change Password', '1012', '2');
INSERT INTO `sm_i18n` (`id_`, `language_id_`, `name_`, `object_id_`, `type_`) VALUES ('45', '1', '失败', '117', '2');
INSERT INTO `sm_i18n` (`id_`, `language_id_`, `name_`, `object_id_`, `type_`) VALUES ('46', '2', 'failure', '117', '2');
INSERT INTO `sm_i18n` (`id_`, `language_id_`, `name_`, `object_id_`, `type_`) VALUES ('47', '1', '成功', '118', '2');
INSERT INTO `sm_i18n` (`id_`, `language_id_`, `name_`, `object_id_`, `type_`) VALUES ('48', '2', 'success', '118', '2');
INSERT INTO `sm_i18n` (`id_`, `language_id_`, `name_`, `object_id_`, `type_`) VALUES ('49', '1', '过流', '200', '2');
INSERT INTO `sm_i18n` (`id_`, `language_id_`, `name_`, `object_id_`, `type_`) VALUES ('50', '2', 'Over Current', '200', '2');
INSERT INTO `sm_i18n` (`id_`, `language_id_`, `name_`, `object_id_`, `type_`) VALUES ('51', '1', '欠流', '201', '2');
INSERT INTO `sm_i18n` (`id_`, `language_id_`, `name_`, `object_id_`, `type_`) VALUES ('52', '2', 'Under Current', '201', '2');
INSERT INTO `sm_i18n` (`id_`, `language_id_`, `name_`, `object_id_`, `type_`) VALUES ('53', '1', '过压', '202', '2');
INSERT INTO `sm_i18n` (`id_`, `language_id_`, `name_`, `object_id_`, `type_`) VALUES ('54', '2', 'Over Voltage', '202', '2');
INSERT INTO `sm_i18n` (`id_`, `language_id_`, `name_`, `object_id_`, `type_`) VALUES ('55', '1', '欠压', '203', '2');
INSERT INTO `sm_i18n` (`id_`, `language_id_`, `name_`, `object_id_`, `type_`) VALUES ('56', '2', 'Under Voltage', '203', '2');
INSERT INTO `sm_i18n` (`id_`, `language_id_`, `name_`, `object_id_`, `type_`) VALUES ('57', '1', 'license管理', '70', '1');
INSERT INTO `sm_i18n` (`id_`, `language_id_`, `name_`, `object_id_`, `type_`) VALUES ('58', '2', 'license Config', '70', '1');
INSERT INTO `sm_language` (`language_id_`, `code_`, `description_`) VALUES ('1', 'zh', '中文');
INSERT INTO `sm_language` (`language_id_`, `code_`, `description_`) VALUES ('2', 'en', 'English');

INSERT INTO `sm_privilege` (`privilege_id_`, `parent_id_`, `name_`, `type_`, `url_`, `seq_`, `level_`, `privilege_code_`, `is_log_`, `description_`, `create_time_`) VALUES ('1', '0', '系统管理', '0', null, '1', '1', 'MENU_1', '0', null, '2018-12-25 10:51:26');
INSERT INTO `sm_privilege` (`privilege_id_`, `parent_id_`, `name_`, `type_`, `url_`, `seq_`, `level_`, `privilege_code_`, `is_log_`, `description_`, `create_time_`) VALUES ('3', '0', '设备', '0', null, '1', '1', 'M_DEVICE', '1', null, '2018-12-25 10:51:26');
INSERT INTO `sm_privilege` (`privilege_id_`, `parent_id_`, `name_`, `type_`, `url_`, `seq_`, `level_`, `privilege_code_`, `is_log_`, `description_`, `create_time_`) VALUES ('4', '0', '告警', '0', null, '1', '1', 'M_ALARM', '1', null, '2018-12-25 10:51:26');
INSERT INTO `sm_privilege` (`privilege_id_`, `parent_id_`, `name_`, `type_`, `url_`, `seq_`, `level_`, `privilege_code_`, `is_log_`, `description_`, `create_time_`) VALUES ('5', '0', '控制', '0', null, '1', '1', 'M_PLAN', '1', null, '2018-12-25 10:51:26');
INSERT INTO `sm_privilege` (`privilege_id_`, `parent_id_`, `name_`, `type_`, `url_`, `seq_`, `level_`, `privilege_code_`, `is_log_`, `description_`, `create_time_`) VALUES ('6', '1', '分组管理', '1', null, '1', '2', 'M_GROUP', '1', null, '2018-12-25 10:52:44');
INSERT INTO `sm_privilege` (`privilege_id_`, `parent_id_`, `name_`, `type_`, `url_`, `seq_`, `level_`, `privilege_code_`, `is_log_`, `description_`, `create_time_`) VALUES ('7', '1', '摄像头管理', '1', null, '1', '2', 'M_CAMERA', '1', null, '2018-12-25 10:52:44');
INSERT INTO `sm_privilege` (`privilege_id_`, `parent_id_`, `name_`, `type_`, `url_`, `seq_`, `level_`, `privilege_code_`, `is_log_`, `description_`, `create_time_`) VALUES ('8', '1', '视频服务器配置', '1', null, '1', '2', 'M_VIEW', '1', null, '2018-12-25 10:52:44');
INSERT INTO `sm_privilege` (`privilege_id_`, `parent_id_`, `name_`, `type_`, `url_`, `seq_`, `level_`, `privilege_code_`, `is_log_`, `description_`, `create_time_`) VALUES ('10', '1', 'IOT配置', '1', null, '1', '2', 'M_IOTDM', '1', null, '2018-12-25 10:52:44');
INSERT INTO `sm_privilege` (`privilege_id_`, `parent_id_`, `name_`, `type_`, `url_`, `seq_`, `level_`, `privilege_code_`, `is_log_`, `description_`, `create_time_`) VALUES ('23', '1', 'LED文件管理', '1', null, '1', '2', 'M_VIDEO', '1', null, '2018-12-25 10:51:26');
/*INSERT INTO `sm_privilege` (`privilege_id_`, `parent_id_`, `name_`, `type_`, `url_`, `seq_`, `level_`, `privilege_code_`, `is_log_`, `description_`, `create_time_`) VALUES ('25', '1', '广播文件管理', '1', null, '1', '2', 'M_AUDIO', '1', null, '2018-12-25 10:51:26');*/
INSERT INTO `sm_privilege` (`privilege_id_`, `parent_id_`, `name_`, `type_`, `url_`, `seq_`, `level_`, `privilege_code_`, `is_log_`, `description_`, `create_time_`) VALUES ('27', '1', '灯杆管理', '1', null, '1', '2', 'M_LAMPPOST', '1', null, '2018-12-25 10:52:44');
INSERT INTO `sm_privilege` (`privilege_id_`, `parent_id_`, `name_`, `type_`, `url_`, `seq_`, `level_`, `privilege_code_`, `is_log_`, `description_`, `create_time_`) VALUES ('55', '1', '客户管理', '1', null, '1', '2', 'M_CUSTOMER', '1', null, '2018-12-25 10:51:26');
INSERT INTO `sm_privilege` (`privilege_id_`, `parent_id_`, `name_`, `type_`, `url_`, `seq_`, `level_`, `privilege_code_`, `is_log_`, `description_`, `create_time_`) VALUES ('31', '1', '系统日志', '1', null, '1', '2', 'M_SYSTEM_LOG', '1', null, '2018-12-25 10:52:44');
INSERT INTO `sm_privilege` (`privilege_id_`, `parent_id_`, `name_`, `type_`, `url_`, `seq_`, `level_`, `privilege_code_`, `is_log_`, `description_`, `create_time_`) VALUES ('30', '1', '城市信息', '1', null, '1', '2', 'M_CITY', '1', null, '2018-12-25 10:52:45');
INSERT INTO `sm_privilege` (`privilege_id_`, `parent_id_`, `name_`, `type_`, `url_`, `seq_`, `level_`, `privilege_code_`, `is_log_`, `description_`, `create_time_`) VALUES ('40', '1', '用户管理', '1', null, '1', '2', 'M_USER', '1', null, '2018-12-25 10:51:27');
INSERT INTO `sm_privilege` (`privilege_id_`, `parent_id_`, `name_`, `type_`, `url_`, `seq_`, `level_`, `privilege_code_`, `is_log_`, `description_`, `create_time_`) VALUES ('50', '1', '角色管理', '1', null, '1', '2', 'M_ROLE', '1', null, '2018-12-25 10:51:27');
INSERT INTO `sm_privilege` (`privilege_id_`, `parent_id_`, `name_`, `type_`, `url_`, `seq_`, `level_`, `privilege_code_`, `is_log_`, `description_`, `create_time_`) VALUES ('60', '1', '系统配置', '1', null, '1', '2', 'M_SYSTEM', '1', null, '2018-12-25 10:52:45');
INSERT INTO `sm_privilege` (`privilege_id_`, `parent_id_`, `name_`, `type_`, `url_`, `seq_`, `level_`, `privilege_code_`, `is_log_`, `description_`, `create_time_`) VALUES ('70', '1', 'license管理', '1', null, '1', '2', 'M_LICENSE', '1', null, '2018-12-25 10:52:45');
INSERT INTO `sm_system_config` (`sys_key_`, `sys_value_`, `type_`, `description_`) VALUES ('fun_provider', 'riscom', '4', '灯杆厂商');
INSERT INTO `sm_system_config` (`sys_key_`, `sys_value_`, `type_`, `description_`) VALUES ('mail_account', 'cfzhanm', '2', '邮件用户名');
INSERT INTO `sm_system_config` (`sys_key_`, `sys_value_`, `type_`, `description_`) VALUES ('mail_lang', 'zh', '2', '邮件语言zh/en');
INSERT INTO `sm_system_config` (`sys_key_`, `sys_value_`, `type_`, `description_`) VALUES ('mail_password', '3a29f929ae2729e0a4bd4eab97afb999f5a840e02ba6b167eb8ee383dbc647dd', '2', '邮件密码');
INSERT INTO `sm_system_config` (`sys_key_`, `sys_value_`, `type_`, `description_`) VALUES ('mail_send', 'on', '2', '发送通知开关');
INSERT INTO `sm_system_config` (`sys_key_`, `sys_value_`, `type_`, `description_`) VALUES ('mail_smtp_server', 'smtp.isoftstone.com', '2', '发件服务器地址');
INSERT INTO `sm_system_config` (`sys_key_`, `sys_value_`, `type_`, `description_`) VALUES ('message_send', 'on', '2', '发送短信开关');
INSERT INTO `sm_system_config` (`sys_key_`, `sys_value_`, `type_`, `description_`) VALUES ('sec_captcha_timeout', '60', '1', '验证码超时(秒)');
INSERT INTO `sm_system_config` (`sys_key_`, `sys_value_`, `type_`, `description_`) VALUES ('sec_error_count', '5', '1', '登陆错误次数');
INSERT INTO `sm_system_config` (`sys_key_`, `sys_value_`, `type_`, `description_`) VALUES ('sec_locked_time', '30', '1', '锁定时间(分)');
INSERT INTO `sm_system_config` (`sys_key_`, `sys_value_`, `type_`, `description_`) VALUES ('sec_login_captcha', 'off', '1', '启用登录验证码');
INSERT INTO `sm_system_config` (`sys_key_`, `sys_value_`, `type_`, `description_`) VALUES ('sec_pwd_admin_exp', 'off', '1', '管理员是否过期');
INSERT INTO `sm_system_config` (`sys_key_`, `sys_value_`, `type_`, `description_`) VALUES ('sec_pwd_indate', '90', '1', '用户密码有效期(天)');
INSERT INTO `sm_system_config` (`sys_key_`, `sys_value_`, `type_`, `description_`) VALUES ('sec_pwd_notice_days', '1', '1', '口令到期提前通知天数(天)');
INSERT INTO `sm_system_config` (`sys_key_`, `sys_value_`, `type_`, `description_`) VALUES ('sec_pwd_not_repeat_count', '5', '1', '前N个口令不重复的次数');
INSERT INTO `sm_system_config` (`sys_key_`, `sys_value_`, `type_`, `description_`) VALUES ('sec_refresh_time', '30', '1', '大屏刷新时间(分)');
INSERT INTO `sm_system_config` (`sys_key_`, `sys_value_`, `type_`, `description_`) VALUES ('sec_sy_address', 'http://www.hao123.com', '1', '盛云消防平台地址');
INSERT INTO `sm_system_config` (`sys_key_`, `sys_value_`, `type_`, `description_`) VALUES ('sec_user_lock', 'on', '1', '用户锁定功能');
INSERT INTO `sm_system_config` (`sys_key_`, `sys_value_`, `type_`, `description_`) VALUES ('sys_version', 'BEMS V100R003C01', '3', '系统版本号');
INSERT INTO `sm_system_config` (`sys_key_`, `sys_value_`, `type_`, `description_`) VALUES ('func_provider', '样式1', '4', '灯杆厂家');
INSERT INTO `sm_user` (`user_id_`, `account_`, `password_`, `name_`, `image_data_`, `telephone_`, `fax_`, `email_`, `address_`, `description_`, `department_id_`, `employee_code_`, `create_time_`, `creator_`, `account_type_`, `reset_pwd_`, `locked_`, `del_flag_`, `register_id_`, `sex_`, `customer_id_`) VALUES ('1', 'admin', '50e2f972421069333a8ea362484989c80dd2c55679035488453d5759e3eecb26', 'admin', null, null, null, null, null, null, null, null, '2018-12-25 10:53:04', null, '1', '0', '0', '0', null, null, null);

/*城市数据初始化SQL*/
INSERT INTO `sm_architecture` (`arch_id_`, `parent_id_`, `parent_name_`, `level_`, `name_`, `number_`, `description_`, `search_code_`, `creator_id_`, `has_child_`, `longitude_`, `latitude_`, `create_time_`, `update_time_`) VALUES (1, 0, NULL, 1, '中国', 'AD0000000001', NULL, '1|', 1, 1, 116.41, 39.91, '2019-1-16 10:53:59', '2019-1-16 10:53:59');
INSERT INTO `sm_architecture` (`arch_id_`, `parent_id_`, `parent_name_`, `level_`, `name_`, `number_`, `description_`, `search_code_`, `creator_id_`, `has_child_`, `longitude_`, `latitude_`, `create_time_`, `update_time_`) VALUES (3, 1, NULL, 2, '武汉', 'AD0000000003', NULL, '1|2|', 1, 1, 114.30, 30.59, '2019-1-16 10:56:54', '2019-1-16 10:56:54');
INSERT INTO `sm_architecture` (`arch_id_`, `parent_id_`, `parent_name_`, `level_`, `name_`, `number_`, `description_`, `search_code_`, `creator_id_`, `has_child_`, `longitude_`, `latitude_`, `create_time_`, `update_time_`) VALUES (7, 3, NULL, 3, '洪山', 'AD0000000007', NULL, '1|2|1|', 1, 1, 114.49, 30.56, '2019-2-14 10:33:18', '2019-2-20 11:08:41');
INSERT INTO `sm_architecture` (`arch_id_`, `parent_id_`, `parent_name_`, `level_`, `name_`, `number_`, `description_`, `search_code_`, `creator_id_`, `has_child_`, `longitude_`, `latitude_`, `create_time_`, `update_time_`) VALUES (8, 7, NULL, 4, '花山路', 'AD0000000008', NULL, '1|2|1|1|', 1, 0, 114.49, 30.56, '2019-2-14 10:33:41', '2019-2-20 11:07:56');

/*初始化IOTDM信息*/
INSERT INTO `sm_iotdm` (`iotdm_id_`, `del_flag_`, `ip_addr_`, `is_https_`, `keystore_password_`, `keystore_path_`, `port_`, `status_`) VALUES ('2', '0', '192.168.0.1', '0', NULL, NULL, '8090', '1');
